./Abbott/El Station/Images/El Station Back.tif
./Abbott/El Station/Images/El Station uncropped.tif
./Abbott/El Station/Images/El Station.jpg
./Abbott/El Station/Images/El Station.tif
./Abbott/El Station/Images/RAW Images/Berenice_Abbott_subway.psd
./Abbott/El Station/Images/RAW Images/DSC_0022.NEF
./Abbott/El Station/Images/RAW Images/DSC_0023.NEF
./Abbott/El Station/Images/RAW Images/DSC_0024.NEF
./Abbott/El Station/Images/RAW Images/DSC_0040.NEF
./Abbott/El Station/Images/RAW Images/DSC_0041.NEF
./Abbott/Leadbelly/Images/Leadbelly Back.tif
./Abbott/Leadbelly/Images/Leadbelly.tif
./Adams/Cathedral Spires/Images/Cathedral Spires Back.tif
./Adams/Cathedral Spires/Images/Cathedral Spires.tif
./Adams/Cathedral Spires/Images/RAW Images/DSC_0040.NEF
./Adams/Cathedral Spires/Images/RAW Images/DSC_0041.NEF
./Adams/Cathedral Spires/Images/RAW Images/DSC_0042.NEF
./Adams/Fern Spring, Dust/Images/Fern Spring Back.tif
./Adams/Fern Spring, Dust/Images/Fern Spring Uncropped.tif
./Adams/Winter Sunrise/Images/RAW Images/DSC_0029.NEF
./Adams/Winter Sunrise/Images/RAW Images/DSC_0031.NEF
./Adams/Winter Sunrise/Images/RAW Images/DSC_0032.NEF
./Adams/Winter Sunrise/Images/Winter Sunrise Uncropped.tif
./Adams/Winter Sunrise/Images/Winter Sunrise.jpg
./Agrons/Images/Xenharmonic Back.tif
./Agrons/Images/Xenharmonic.tif
./Aigner/Images/Political Expression in Harlem Back.tif
./Aigner/Images/Political Expression in Harlem.tif
./Anderson-Staley/Ali, Marilyn, Al, Rafia/Images/Santana-Nance_Family small.jpg
./Anderson-Staley/Ali, Marilyn, Al, Rafia/Images/Santana-Nance_Family.jpg
./Anderson-Staley/Anderson-Staley Invoice (3 works).tif
./Anderson-Staley/Cledyth/Images/Cledyth.jpg
./Anderson-Staley/Jameela/Images/Jameela.jpg
./Anderson-Staley/Kevin/Images/Kevin Back.tif
./Anderson-Staley/Kevin/Images/Kevin.jpg
./Anderson-Staley/Kevin/Images/Kevin.tif
./Anderson, C/Images/Caterpillar Back.tif
./Anderson, C/Images/Caterpillar Uncropped.tif
./Anderson, R/Images/RAW Images/DSC_0010.NEF
./Anderson, R/Images/RAW Images/DSC_0011.NEF
./Anderson, R/Images/RAW Images/DSC_0012.NEF
./Anderson, R/Images/Viking Bristlecone Back.tif
./Anderson, R/Images/Viking Bristlecone.tif
./Arnold/Images/First Five Back.tif
./Arnold/Images/First Five.jpg
./Arnold/Images/First Five.tif
./Arnold/Images/RAW Images/DSC_0008.NEF
./Arnold/Images/RAW Images/DSC_0009.NEF
./Arnold/Images/RAW Images/DSC_0010.NEF
./Arnold/Images/RAW Images/DSC_0010.psd
./Arnold/Images/RAW Images/DSC_0011.NEF
./Bacon-Kidwell/Images/Memories of Two Back.tif
./Bacon-Kidwell/Images/Memories of Two.tif
./Baer/Images/RAW Images/DSC_0034.NEF
./Baer/Images/RAW Images/DSC_0035.NEF
./Baer/Images/RAW Images/DSC_0036.NEF
./Baer/Images/RAW Images/DSC_0038.NEF
./Baer/Images/Round Valley Back.tif
./Baer/Images/Round Valley.tif
./Balog/Images/Chimp with Curtain.jpg
./Balog/Images/Chimp with Curtain.tif
./Balog/Images/RAW Images/Chimp with Curtain RAW.NEF
./Balog/Images/RAW Images/DSC_0012.NEF
./Balog/Images/RAW Images/DSC_0014.NEF
./Bankhead/Images/RAW Images/DSC_0005.NEF
./Bankhead/Images/RAW Images/DSC_0006.NEF
./Bankhead/Images/RAW Images/DSC_0007.NEF
./Bankhead/Images/RAW Images/DSC_0007.psd
./Bankhead/Images/Woman with Baby Back.tif
./Bankhead/Images/Woman with Baby Uncropped.tif
./Bankhead/Images/Woman with Baby.jpg
./Bankhead/Images/Woman with Baby.tif
./Banta/Images/Boy with Toy Hoop.tif
./Barber/Images/Lion on the Bridge Back.tif
./Barber/Images/Lion on the Bridge.tif
./Baril/Images/Roses in a Vase back.tif
./Baril/Images/Roses in a Vase RAW.NEF
./Baril/Images/Roses in a Vase.tif
./Barnett/Images/Lubbock Man.tif
./Behr/Images/Gold Cat Back.tif
./Behr/Images/Gold Cat.tif
./Berman, I/Blind Violin Player/Images/Blind Violin Player Back.tif
./Berman, I/Blind Violin Player/Images/Blind Violin Player.tif
./Berman, I/Boxing Match/Images/Boxing Match Back.tif
./Berman, I/Boxing Match/Images/Boxing Match.tif
./Berman, I/Gypsy Flower Girl/Images/Gypsy Flower Girl Back.tif
./Berman, I/Gypsy Flower Girl/Images/Gypsy Flower Girl.tif
./Berman, I/Lineman/Images/Lineman Back.tif
./Berman, I/Lineman/Images/Lineman.tif
./Berman, I/Street Cleaner/Images/Street Cleaner Back.tif
./Berman, I/Street Cleaner/Images/Street Cleaner.tif
./Berman, Z/Measuring Cup/Images/Measuring Cup.tif
./Berman, Z/Measuring Cup/Images/RAW Images/DSC_0025.NEF
./Berman, Z/Measuring Cup/Images/RAW Images/DSC_0026.NEF
./Berman, Z/Measuring Cup/Images/RAW Images/DSC_0027.NEF
./Berman, Z/Measuring Cup/Images/RAW Images/DSC_0029.NEF
./Berman, Z/Web #2/Images/RAW Images/DSC_0006.NEF
./Berman, Z/Web #2/Images/RAW Images/DSC_0008.NEF
./Berman, Z/Web #2/Images/RAW Images/DSC_0009.NEF
./Berman, Z/Web #2/Images/RAW Images/DSC_0010.NEF
./Berman, Z/Web #2/Images/Web #2.tif
./Bernhard/Images/RAW Images/DSC_0021.NEF
./Bernhard/Images/RAW Images/DSC_0022.NEF
./Bernhard/Images/RAW Images/DSC_0023.NEF
./Bernhard/Images/RAW Images/DSC_0024.NEF
./Bernhard/Images/Shell and Driftwood.tif
./Berry/Images/Monkey at the Door Back.tif
./Berry/Images/Monkey at the Door.tif
./Bey/Five Children/Images/Five Children Back.tif
./Bey/Five Children/Images/Five Children Uncropped.tif
./Bey/Five Children/Images/Five Children.jpg
./Bey/Five Children/Images/Five Children.tif
./Bey/Five Children/Images/RAW Images/_DSC0005.NEF
./Bey/Five Children/Images/RAW Images/_DSC0006.NEF
./Bey/Five Children/Images/RAW Images/_DSC0007.NEF
./Bey/Five Children/Images/RAW Images/dawood_bey.psd
./Bey/Five Children/Images/RAW Images/DSC_0030.NEF
./Bey/Jason/Images/Jason Back.tif
./Bey/Jason/Images/Jason.jpg
./Bey/Jason/Images/Jason.tif
./Bieber/Drift Wood/Images/Drift Wood Back.tif
./Bieber/Drift Wood/Images/Drift Wood.tif
./Bieber/Sweet Music/Images/Sweet Music Back.tif
./Bieber/Sweet Music/Images/Sweet Music.tif
./Bieber/The Lone Gull/Images/The Lone Gull Back.tif
./Bieber/The Lone Gull/Images/The Lone Gull.tif
./Bieber/Thru the Hallway/Images/Thru the Hallway Back.tif
./Bieber/Thru the Hallway/Images/Thru the Hallway.tif
./Birnbaum/Images/Sheep in Hoods RAW.NEF
./Birnbaum/Images/Sheep in Hoods.tif
./Black/Images/Dawn, Firebaugh Back.tif
./Black/Images/Dawn, Firebaugh.tif
./Blackmer/Batik in Frost/Images/Batik in Frost.tif
./Blackmer/Cascade/Images/Cascade.tif
./Blackmer/Ephemeral/Images/Ephemeral.tif
./Blackmer/Evening Splendor/Images/Evening Splendor.tif
./Blackmer/Flight/Images/Flight.tif
./Blackmer/Foggy Dew/Images/Foggy Dew.tif
./Blackmer/Golden Light/Images/Golden Light.tif
./Blackmer/Ice Folly/Images/Ice Folly.tif
./Blackmer/Javanese Frost/Images/Javanese Frost.tif
./Blackmer/Magical Net/Images/Magical Net.tif
./Blackmer/Sapphire Ice/Images/Sapphire Ice.tif
./Bleasdale/Images/Open Gold Mine.tif
./Block/Andree Herscovici/Images/Herscovici.tif
./Block/Antonin Kalina/Images/Kalina_Antonin.tif
./Block/Burt Bochove/Images/Bochove, Burt.tif
./Block/Esta Heiber/Images/Heiber, Esta.tif
./Block/Gina Stern in her Mink/Images/Stern_mink parka.tif
./Block/Gita Bauer/Images/Bauer, Gitta.tif
./Block/Gloria and Carl Herman/Images/Hermans.tif
./Block/Mothers & Daughters, Jane and Elise/Images/Levi_Mother_Daughters.tif
./Block/Zofia Baniecka/Images/Baniecka, Zofia.jpg
./Block/Zofia Baniecka/Images/Baniecka, Zofia.tif
./Block/Zofia Baniecka/Images/RAW Images/block_crop_flat.psd
./Block/Zofia Baniecka/Images/RAW Images/block_full.psd
./Block/Zofia Baniecka/Images/Zofia Baniecka Back.tif
./Bone/Images/La Nueva Vida Back.tif
./Bone/Images/La Nueva Vida.tif
./Breakey/Cyanocitta/Images/Cyanocitta Cristaio Back.tif
./Breakey/Cyanocitta/Images/Cyanocitta Cristaio.jpg
./Breakey/Cyanocitta/Images/Cyanocitta Cristaio.tif
./Breakey/Cyanocitta/Images/RAW Images/DSC_0009.NEF
./Breakey/Cyanocitta/Images/RAW Images/DSC_0010.NEF
./Breakey/Cyanocitta/Images/RAW Images/DSC_0011.psd
./Breakey/Cyanocitta/Images/RAW Images/DSC_0012.NEF
./Brenner/Images/Aconitum Back.tif
./Brenner/Images/Aconitum.tif
./Brenner/Images/RAW Images/DSC_0011.NEF
./Brenner/Images/RAW Images/DSC_0012.NEF
./Brenner/Images/RAW Images/DSC_0013.NEF
./Brenner/Images/RAW Images/DSC_0014.NEF
./Brown, E/Images/Planning Back.tif
./Brown, E/Images/Planning.tif
./Brown, Patricia/Images/Bench Back.tif
./Brown, Patricia/Images/Bench.tif
./Brown, Peter/Church/Images/Church Back.tif
./Brown, Peter/Church/Images/Church.tif
./Brown, Peter/Church/Images/RAW Images/_DSC0037.NEF
./Brown, Peter/Church/Images/RAW Images/_DSC0038.NEF
./Brown, Peter/Church/Images/RAW Images/_DSC0039.NEF
./Brown, Peter/Dimmitt Meat Company/Images/Dimmitt Meat Company Back.tif
./Brown, Peter/Dimmitt Meat Company/Images/Dimmitt Meat Company Uncropped.tif
./Brown, Peter/Dimmitt Meat Company/Images/Dimmitt Meat Company.jpg
./Brown, Peter/Dimmitt Meat Company/Images/Dimmitt Meat Company.tif
./Brown, Peter/Dimmitt Meat Company/Images/RAW Images/_DSC0008.NEF
./Brown, Peter/Dimmitt Meat Company/Images/RAW Images/_DSC0009.NEF
./Brown, Peter/Dimmitt Meat Company/Images/RAW Images/_DSC0010.NEF
./Brown, Peter/Dimmitt Meat Company/Images/RAW Images/_DSC0011.NEF
./Brown, Peter/Dimmitt Meat Company/Images/RAW Images/brown_dimmitt.psd
./Brown, Peter/Texas Theater/Images/RAW Images/_DSC0030.NEF
./Brown, Peter/Texas Theater/Images/RAW Images/_DSC0032.NEF
./Brown, Peter/Texas Theater/Images/RAW Images/_DSC0033.NEF
./Brown, Peter/Texas Theater/Images/Texas Theater.tif
./Brown, Peter/White Barn/Images/RAW Images/_DSC0034.NEF
./Brown, Peter/White Barn/Images/RAW Images/_DSC0035.NEF
./Brown, Peter/White Barn/Images/RAW Images/_DSC0036.NEF
./Brown, Peter/White Barn/Images/White Barn.tif
./Bucklow/Images/RAW Images/DSC_0013.NEF
./Bucklow/Images/RAW Images/DSC_0014.NEF
./Bucklow/Images/RAW Images/DSC_0015.NEF
./Bucklow/Images/RAW Images/DSC_0016.NEF
./Bucklow/Images/Sol Invectus.tif
./Burke/Images/Military Hospital Back.tif
./Burke/Images/Military Hospital.tif
./Burkholder/Turtle in Church/Images/RAW Images/DSC_0001.NEF
./Burkholder/Turtle in Church/Images/RAW Images/DSC_0002.NEF
./Burkholder/Turtle in Church/Images/RAW Images/DSC_0003.NEF
./Burkholder/Turtle in Church/Images/Turtle in Church Back.tif
./Burkholder/Turtle in Church/Images/Turtle in Church Uncropped.tif
./Burkholder/Turtle in Church/Images/Turtle in Church.tif
./Burnstine/Images/Suspend Back.tif
./Burnstine/Images/Suspend RAW.NEF
./Burnstine/Images/Suspend.tif
./Buxton/Images/Lily Belle Back.tif
./Buxton/Images/Lily Belle.tif
./Caffery/Images/Cavali.tif
./Caffery/Images/RAW Images/DSC_0045.NEF
./Caffery/Images/RAW Images/DSC_0046.NEF
./Caffery/Images/RAW Images/DSC_0047.NEF
./Caffery/Images/RAW Images/DSC_0048.NEF
./Calfee/Images/Cricket & Joy Back.tif
./Calfee/Images/Cricket & Joy Uncropped.tif
./Calfee/Images/Cricket & Joy.jpg
./Calfee/Images/Cricket & Joy.tif
./Calfee/Images/RAW Images/_DSC0002.NEF
./Calfee/Images/RAW Images/_DSC0003.NEF
./Calfee/Images/RAW Images/calfee_laura_final.psd
./Calfee/Images/RAW Images/calfee_laura_large.psd
./Calfee/Images/RAW Images/calfee_laura.psd
./Callis/Images/Angel.tif
./Callis/Images/RAW Images/DSC_0001.NEF
./Callis/Images/RAW Images/DSC_0049.NEF
./Callis/Images/RAW Images/DSC_0050.NEF
./Callis/Images/RAW Images/DSC_0051.NEF
./Campbell/Toilet Paper/Images/Toilet Paper.tif
./Carter/Images/Birth Back.tif
./Carter/Images/Birth.tif
./Casabare/Images/Barrel Vaulted Room Back.tif
./Casabare/Images/Barrel Vaulted Room Uncropped.tif
./Casabare/Images/Barrel Vaulted Room.tif
./Casabare/Images/RAW Images/DSC_0004.NEF
./Casabare/Images/RAW Images/DSC_0005.NEF
./Casabare/Images/RAW Images/DSC_0006.NEF
./Casabare/Images/RAW Images/DSC_0008.NEF
./Casanave/Images/Beware of Dog Back.tif
./Casanave/Images/Beware of Dog Uncropped.tif
./Casanave/Images/Beware of Dog.jpg
./Casanave/Images/Beware of Dog.tif
./Casanave/Images/RAW Images/DSC_0025.NEF
./Casanave/Images/RAW Images/DSC_0026.NEF
./Casanave/Images/RAW Images/DSC_0027.NEF
./Casanave/Images/RAW Images/DSC_0027.psd
./Casanave/Images/RAW Images/DSC_0028.NEF
./Chambers/Images/Prom Gown RAW.NEF
./Chambers/Images/Prom Gown.tif
./Chamlee/Creitz Farm/Images/Creitz Farm Back.tif
./Chamlee/Creitz Farm/Images/Creitz Farm Uncropped.tif
./Chamlee/Creitz Farm/Images/Creitz Farm.jpg
./Chamlee/Creitz Farm/Images/Creitz Farm.tif
./Chamlee/Creitz Farm/Images/RAW Images/_DSC0006.NEF
./Chamlee/Creitz Farm/Images/RAW Images/_DSC0007.NEF
./Chamlee/Creitz Farm/Images/RAW Images/chamlee_paula.psd
./Chamlee/San Ignacio/Images/San Ignacio Back.tif
./Chamlee/San Ignacio/Images/San Ignacio.tif
./Chandler/Images/Aransas Back.tif
./Chandler/Images/Aransas.tif
./Chervinsky/Images/Analysis Back.tif
./Chervinsky/Images/Analysis RAW.NEF
./Chervinsky/Images/Analysis Uncropped.tif
./Chervinsky/Images/Analysis.tif
./Clark, J./Images/Assembly Line Back.tif
./Clark, J./Images/Assembly Line.tif
./Clark, N./2nd Bull Run, Embankment/Images/Embankment Back.tif
./Clark, N./2nd Bull Run, Embankment/Images/Embankment.tif
./Clark, N./Cannon Batter/Images/Cannon Batter Back.tif
./Clark, N./Cannon Batter/Images/Cannon Batter.tif
./Clark, N./Clum House Ruin/Images/Clum House Ruin Back.tif
./Clark, N./Clum House Ruin/Images/Clum House Ruin.tif
./Clark, N./Clum House Ruins/Images/Clum House Ruins Back.tif
./Clark, N./Clum House Ruins/Images/Clum House Ruins.tif
./Clark, N./Doyan House/Images/Doyan House Back.tif
./Clark, N./Doyan House/Images/Doyan House.tif
./Clark, N./Henry House/Images/Henry House Back.tif
./Clark, N./Henry House/Images/Henry House.tif
./Clark, N./Jackson's Position/Images/Jackson's Position Back.tif
./Clark, N./Jackson's Position/Images/Jackson'sPosition.tif
./Clark, N./Matthews House/Images/Matthews House Back.tif
./Clark, N./Matthews House/Images/Matthews House.tif
./Clark, N./Near Henry house (GSP.12)/Images/Near Henry House (GSP.12).tif
./Clark, N./Near Henry house (GSP.12)/Images/Near Henry House Back (GSP.12).tif
./Clark, N./Near Henry house (GSP.13)/Images/Near Henry House (GSP.13) Back.tif
./Clark, N./Near Henry house (GSP.13)/Images/Near Henry House (GSP.13).tif
./Clark, N./Stone Bridge/Images/Stone Bridge Back.tif
./Clark, N./Stone Bridge/Images/Stone Bridge.tif
./Conant/At Sea/Images/At Sea Back.tif
./Conant/At Sea/Images/At Sea Uncropped.tif
./Conant/At Sea/Images/At Sea.jpg
./Conant/At Sea/Images/At Sea.tif
./Conant/At Sea/Images/RAW Images/DSC_0025.NEF
./Conant/At Sea/Images/RAW Images/DSC_0026.NEF
./Conant/At Sea/Images/RAW Images/DSC_0026.psd
./Conant/At Sea/Images/RAW Images/DSC_0027.NEF
./Conant/At Sea/Images/RAW Images/DSC_0028.NEF
./Connell/Images/Head to Head Back.tif
./Connell/Images/Head to Head.tif
./Cook/Images/Horse Shoe Bend.tif
./Cooke/Images/Detroit Automotive Worker Back.tif
./Cooke/Images/Detroit Automotive Worker.jpg
./Cooke/Images/Detroit Automotive Worker.tif
./Cox/Images/Atlas Back.tif
./Cox/Images/Atlas Uncropped.tif
./Cox/Images/Atlas.jpg
./Cox/Images/Atlas.tif
./Cox/Images/RAW Images/_DSC0022.NEF
./Cox/Images/RAW Images/_DSC0023.NEF
./Cox/Images/RAW Images/_DSC0024.NEF
./Cox/Images/RAW Images/_DSC0025.NEF
./Cox/Images/RAW Images/DSC_0048.NEF
./Cromer/Lost Love Triptych/Images/Lost Love Triptych Back.tif
./Cromer/Lost Love Triptych/Images/Lost Love Triptych.tif
./Cromer/Wildorado/Images/RAW Images/_DSC0052.NEF
./Cromer/Wildorado/Images/RAW Images/_DSC0053.NEF
./Cromer/Wildorado/Images/RAW Images/_DSC0054.NEF
./Cromer/Wildorado/Images/Wildorado.tif
./Cunningham/Condition Report/Foxing 1.JPG
./Cunningham/Condition Report/Foxing 2.JPG
./Cunningham/Condition Report/Foxing 3.JPG
./Cunningham/Condition Report/Foxing 4.JPG
./Cunningham/Images/Egg's in Ruth's Basket Uncropped.tif
./Cunningham/Images/Egg's in Ruth's Basket.tif
./Cunningham/Images/RAW Images/DSC_0016.NEF
./Cunningham/Images/RAW Images/DSC_0017.NEF
./Cunningham/Images/RAW Images/DSC_0018.NEF
./Cunningham/Images/RAW Images/DSC_0023.NEF
./D'Amato/Images/Girl in Rain Back.tif
./D'Amato/Images/Girl in Rain Uncropped.tif
./D'Amato/Images/Girl in Rain.tif
./Denton/Bent Tree/Images/Bent Tree Back.tif
./Denton/Bent Tree/Images/Bent Tree.tif
./Denton/Unbeholding/Images/Unbeholding Back.tif
./Denton/Unbeholding/Images/Unbeholding.tif
./Divine/Images/Kanga.tif
./Dobrowner/Arm of God/Images/Arm of God.tif
./Dobrowner/Bear's Claw/Images/Bear's Claw.tif
./Dobrowner/Bentonite Waves/Images/Bentonite Waves.tif
./Dobrowner/Bright Angel/Images/Bright Angel.tif
./Dobrowner/Church Rock/Images/Church Rock.tif
./Dobrowner/Clouds/Images/Clouds.tif
./Dobrowner/Funnel/Images/Funnel.tif
./Dobrowner/Indian Head/Images/Indian Head.tif
./Dobrowner/Mars Formation/Images/Mars Formation.tif
./Dobrowner/Mushroom Cloud/Images/Mushroom Cloud.tif
./Dobrowner/Pleistocene/Images/Pleistocene.tif
./Dobrowner/Road, Near Guymon/Images/Road, Near Guymon.tif
./Dobrowner/Serpent's Tail/Images/Serpent's Tail Back.tif
./Dobrowner/Serpent's Tail/Images/Serpent's Tail.tif
./Dobrowner/Shiprock/Images/Shiprock.tif
./Dobrowner/Still Earth Portfolio Booklet 1.tif
./Dobrowner/Still Earth Portfolio Booklet 2.tif
./Dobrowner/Storm Cell/Images/Storm Cell.tif
./Dobrowner/Storms Portfolio Booklet 1.tif
./Dobrowner/Storms Portfolio Booklet 2.tif
./Dobrowner/Temple of the Moon/Images/Temple of the Moon.tif
./Dobrowner/The Windows/Images/The Windows.tif
./Dobrowner/Vapor Cloud/Images/Vapor Cloud.tif
./Dobrowner/Vasquez Point/Images/Vasquez Point.tif
./Dow/Images/Little Moreton Hall Back.tif
./Dow/Images/Little Moreton Hall.tif
./Dresser/Images/RAW Images/DSC_0013.NEF
./Dresser/Images/RAW Images/DSC_0014.NEF
./Dresser/Images/RAW Images/DSC_0014.psd
./Dresser/Images/RAW Images/DSC_0015.NEF
./Dresser/Images/RAW Images/DSC_0016.NEF
./Dresser/Images/S-Shaped Sand Dune.jpg
./Dresser/Images/S-Shaped Sand Dune.tif
./Ebner/Images/Fadin Away Back.tif
./Ebner/Images/Fadin Away.tif
./Evans, D.C./Images/Ace Spring Service.tif
./Evans, J/Images/Bull Snake on Sofa Back.tif
./Evans, J/Images/Bull Snake on Sofa Uncropped.tif
./Evans, J/Images/Bull Snake on Sofa.jpg
./Evans, J/Images/Bull Snake on Sofa.tif
./Evans, J/Images/RAW Images/DSC_0001.NEF
./Evans, J/Images/RAW Images/DSC_0002.NEF
./Evans, J/Images/RAW Images/DSC_0002.psd
./Evans, J/Images/RAW Images/DSC_0003.NEF
./Evans, J/Images/RAW Images/DSC_0004.NEF
./Fagan/Images/RAW Images/DSC_0047.NEF
./Fagan/Images/RAW Images/DSC_0048.NEF
./Fagan/Images/RAW Images/DSC_0049.NEF
./Fagan/Images/Stallion Back.tif
./Fagan/Images/Stallion.tif
./Faye/Images/Pier.tif
./Fernandez/Images/Memorial to MLK Back.tif
./Fernandez/Images/Memorial to MLK Uncropped.tif
./Fernandez/Images/Memorial to MLK.jpg
./Fernandez/Images/Memorial to MLK.tif
./Fernandez/Images/RAW Images/_DSC0024.NEF
./Fernandez/Images/RAW Images/_DSC0025.NEF
./Fernandez/Images/RAW Images/_DSC0026.NEF
./Fernandez/Images/RAW Images/DSC_0004.NEF
./Fernandez/Images/RAW Images/DSC_0005.NEF
./Fernandez/Images/RAW Images/DSC_0006.NEF
./Fink/Images/RAW Images/DSC_0032.NEF
./Fink/Images/Studio 54 Back.tif
./Fink/Images/Studio 54 Uncropped.tif
./Fink/Images/Studio 54.jpg
./Fink/Images/Studio 54.tif
./Finlay/Images/Religious Pilgrimage Back.tif
./Finlay/Images/Religious Pilgrimage.tif
./Fitch/Images/Dorothy Back.tif
./Fitch/Images/Dorothy.tif
./Flomen/Old Man Shading Eyes/Images/Old Man Shading Eyes Back.tif
./Flomen/Old Man Shading Eyes/Images/Old Man Shading Eyes.tif
./Flomen/Plate 1, Venice, Italy/Images/Plate 1, Venice, Italy Back.tif
./Flomen/Plate 1, Venice, Italy/Images/Plate 1, Venice, Italy.tif
./Flomen/Plate 11, Tokyo, Japan/Images/Plate 11, Tokyo, Japan Back.tif
./Flomen/Plate 11, Tokyo, Japan/Images/Plate 11, Tokyo, Japan.tif
./Flomen/Plate 12, Kyoto, Japan/Images/Plate 12, Kyoto, Japan Back.tif
./Flomen/Plate 12, Kyoto, Japan/Images/Plate 12, Kyoto, Japan.tif
./Flomen/Plate 13, Montreal, Canada/Images/Plate 13, Montreal, Canada Back.tif
./Flomen/Plate 13, Montreal, Canada/Images/Plate 13, Montreal, Canada.tif
./Flomen/Plate 15, Florence, Italy/Images/Plate 15, Florence, Italy Back.tif
./Flomen/Plate 15, Florence, Italy/Images/Plate 15, Florence, Italy.tif
./Flomen/Plate 16, Paris, France/Images/Plate 16, Paris, France Back.tif
./Flomen/Plate 16, Paris, France/Images/Plate 16, Paris, France.tif
./Flomen/Plate 17, Paris, France/Images/Plate 17, Paris, France Back.tif
./Flomen/Plate 17, Paris, France/Images/Plate 17, Paris, France.tif
./Flomen/Plate 18, Florence, Italy/Images/Plate 18, Florence, Italy Back.tif
./Flomen/Plate 18, Florence, Italy/Images/Plate 18, Florence, Italy.tif
./Flomen/Plate 19, West Berlin/Images/Plate 19, West Berlin Back.tif
./Flomen/Plate 19, West Berlin/Images/Plate 19, West Berlin.tif
./Flomen/Plate 2, Paris, France/Images/Plate 2, Paris, France Back.tif
./Flomen/Plate 2, Paris, France/Images/Plate 2, Paris, France.tif
./Flomen/Plate 22, Assisi, Italy/Images/Plate 22, Assisi, Italy Back.tif
./Flomen/Plate 22, Assisi, Italy/Images/Plate 22, Assisi, Italy.tif
./Flomen/Plate 23, Paris, France/Images/Plate 23, Paris, France Back.tif
./Flomen/Plate 23, Paris, France/Images/Plate 23, Paris, France.tif
./Flomen/Plate 26, Paris, France/Images/Plate 26, Paris, France Back.tif
./Flomen/Plate 26, Paris, France/Images/Plate 26, Paris, France.tif
./Flomen/Plate 3, Montreal Canada/Images/Plate 3, Montreal Canada Back.tif
./Flomen/Plate 3, Montreal Canada/Images/Plate 3, Montreal Canada.tif
./Flomen/Plate 4, Paris, France/Images/Plate 4, Paris, France Back.tif
./Flomen/Plate 4, Paris, France/Images/Plate 4, Paris, France.tif
./Flomen/Plate 5, Washington, DC/Images/Plate 5, Washington, DC Back.tif
./Flomen/Plate 5, Washington, DC/Images/Plate 5, Washington, DC.tif
./Flomen/Plate 7, Paris, France/Images/Plate 7, Paris, France Back.tif
./Flomen/Plate 7, Paris, France/Images/Plate 7, Paris, France.tif
./Flomen/Plate 9, Paris, France/Images/Plate 9, Paris, France Back.tif
./Flomen/Plate 9, Paris, France/Images/Plate 9, Paris, France.tif
./Flomen/Woman with Handbag/Images/Woman with Handbag.tif
./Foglia/Cardin in Rain/Images/Cardin in Rain RAW.NEF
./Foglia/Cardin in Rain/Images/Cardin in Rain.tif
./Forman/Images/Swan Woman Back.tif
./Forman/Images/Swan Woman.tif
./Francois/Images/Monkey Legs Back.tif
./Francois/Images/Monkey Legs Uncropped.tif
./Francois/Images/Monkey Legs.jpg
./Francois/Images/Monkey Legs.tif
./Francois/Images/RAW Images/DSC_0017.NEF
./Francois/Images/RAW Images/DSC_0018.NEF
./Francois/Images/RAW Images/DSC_0018.psd
./Francois/Images/RAW Images/DSC_0019.NEF
./Francois/Images/RAW Images/DSC_0020.NEF
./Freed/Images/Harlem.jpg
./Freed/Images/Harlem.tif
./Freed/Images/RAW Images/_DSC0046.NEF
./Freed/Images/RAW Images/_DSC0047.NEF
./Freed/Images/RAW Images/DSC_0011.NEF
./Freed/Images/RAW Images/DSC_0012.NEF
./Freeman/Images/White Tulips.tif
./Fuhrmann/Erodium gruinum/Images/Erodium gruinum Back.tif
./Fuhrmann/Erodium gruinum/Images/Erodium gruinum.tif
./Fuhrmann/Glockenblume/Images/Glockenblume Back.tif
./Fuhrmann/Glockenblume/Images/Glockenblume.tif
./Fuhrmann/Hornklee/Images/Hornklee_B.tif
./Fuhrmann/Hornklee/Images/Hornklee.tif
./Fuhrmann/Unknown Title/Images/Unknown Title Back.tif
./Fuhrmann/Unknown Title/Images/Unknown.tif
./Fullbright/Images/Moon Behind Glass.tif
./Fullbright/Images/RAW Images/DSC_0001.NEF
./Fullbright/Images/RAW Images/DSC_0002.NEF
./Fullbright/Images/RAW Images/DSC_0003.NEF
./Fullbright/Images/RAW Images/DSC_0005.NEF
./Furtado/Images/Cockfighter.tif
./Gentry/Images/Winsor Creek Runoff Back.tif
./Gentry/Images/Winsor Creek Runoff.tif
./George, Amy/Images/Her Magnolia Back.tif
./George, Amy/Images/Her Magnolia.tif
./George, Ann/Images/Soul Search Back.tif
./George, Ann/Images/Soul Search.tif
./Gibson, R./Images/New York.tif
./Gibson, R./Images/RAW Images/DSC_0015.NEF
./Gibson, R./Images/RAW Images/DSC_0016.NEF
./Gibson, R./Images/RAW Images/DSC_0017.NEF
./Gibson, R./Images/RAW Images/DSC_0018.NEF
./Gleaton/Images/Langi, Wearing a Siapo Back.tif
./Gleaton/Images/Langi, Wearing a Siapo.tif
./Goff/Images/RAW Images/DSC_0021.NEF
./Goff/Images/RAW Images/DSC_0022.NEF
./Goff/Images/RAW Images/DSC_0022.psd
./Goff/Images/RAW Images/DSC_0023.NEF
./Goff/Images/RAW Images/DSC_0024.NEF
./Goff/Images/Untitled Back.tif
./Goff/Images/Untitled Uncropped.tif
./Goff/Images/Untitled.jpg
./Goff/Images/Untitled.tif
./Goldin/Images/Lynette & Donna Back.tif
./Goldin/Images/Lynette & Donna.jpg
./Goldin/Images/Lynette & Donna.tif
./Goldin/Images/RAW Images/DSC_0050.NEF
./Goldkind/Images/Image 250.tif
./Goldman/Images/Carol Back.tif
./Goldman/Images/Carol.tif
./Golemboski/Images/Fast As You Can Back.tif
./Golemboski/Images/Fast As You Can.tif
./Gordon/Images/National Atomic Museum Back.tif
./Gordon/Images/National Atomic Museum.tif
./Graham/Images/Thompson Avenue, Eatonville.tif
./Grant/Images/Bird Collector Back.tif
./Grant/Images/Bird Collector.tif
./Gray/Images/Michael Jackson.tif
./Gremillion/Shadow #2/Images/RAW Images/DSC_0050.NEF
./Gremillion/Shadow #2/Images/RAW Images/DSC_0051.NEF
./Gremillion/Shadow #2/Images/RAW Images/DSC_0052.NEF
./Gremillion/Shadow #2/Images/Shadow #2.tif
./Grenon/Images/Martin "Topo" Uncropped.tif
./Grenon/Images/Martin "Topo".tif
./Guidi/Images/Kaliningrad Back.tif
./Guidi/Images/Kaliningrad.tif
./Haas/Homecoming Prisoner/Images/Homecoming Prisoner Back.tif
./Haas/Homecoming Prisoner/Images/Homecoming Prisoner Uncropped.tif
./Haas/Homecoming Prisoner/Images/Homecoming Prisoner.jpg
./Haas/Homecoming Prisoner/Images/Homecoming Prisoner.tif
./Haas/Homecoming Prisoner/Images/RAW Images/DSC_0028.NEF
./Haas/Homecoming Prisoner/Images/RAW Images/DSC_0029.NEF
./Haas/Homecoming Prisoner/Images/RAW Images/DSC_0029.psd
./Haas/Homecoming Prisoner/Images/RAW Images/DSC_0030.NEF
./Haas/Homecoming Prisoner/Images/RAW Images/DSC_0032.NEF
./Haas/Homecoming Prisoner/Images/RAW Images/DSC_0037.NEF
./Haas/Homecoming Prisoner/Images/RAW Images/DSC_0038.NEF
./Haas/Homecoming Prisoner/Images/RAW Images/DSC_0039.NEF
./Haas/Times Square/Images/RAW Images/DSC_0004.NEF
./Haas/Times Square/Images/RAW Images/DSC_0005.NEF
./Haas/Times Square/Images/RAW Images/DSC_0006.NEF
./Haas/Times Square/Images/Times Square Back.tif
./Haas/Times Square/Images/Times Square Uncropped.tif
./Haas/Times Square/Images/Times Square.jpg
./Haas/Times Square/Images/Times Square.TIF
./Halpern/Images/California Fire Back.tif
./Halpern/Images/California Fire.tif
./Halsmann/Images/Andy Warhol Back.tif
./Halsmann/Images/Andy Warhol.tif
./Hamilton/Images/Cooper's Hawk Back.tif
./Hamilton/Images/Cooper's Hawk.tif
./Harvey/Harvey Permission Form.JPG
./Hatfield/Images/Hi Ho Silver RAW.NEF
./Hatfield/Images/Hi Ho Silver.tif
./Herron/March for Voting Rights/Images/March for Voting Rights Back.tif
./Herron/March for Voting Rights/Images/March for Voting Rights.tif
./Herron/March from Selma/Images/March from Selma.jpg
./Herron/March from Selma/Images/March from Selma.tif
./Herron/March from Selma/Images/RAW Images/DSC_0017.NEF
./Herron/March from Selma/Images/RAW Images/DSC_0018.NEF
./Herron/March from Selma/Images/RAW Images/DSC_0028.NEF
./Herron/March from Selma/Images/RAW Images/Matt_Herron_march.psd
./Hetherington/Images/Dinka Country Back.tif
./Hetherington/Images/Dinka Country.tif
./Hewitt/Images/Untitled Back.tif
./Hewitt/Images/Untitled.tif
./Homma/Images/Tokyo.tif
./Hooper/Images/Birds on a Rock.tif
./Hooper/Images/RAW Images/DSC_0025.NEF
./Hooper/Images/RAW Images/DSC_0026.NEF
./Hooper/Images/RAW Images/DSC_0027.NEF
./Hoving/Images/Coma Bernices Back.tif
./Hoving/Images/Coma Bernices.tif
./Hower/Images/Cooling Towers Back.tif
./Hower/Images/Cooling Towers Uncropped.tif
./Hower/Images/Cooling Towers.jpg
./Hower/Images/Cooling Towers.tif
./Hower/Images/RAW Images/_DSC0016.NEF
./Hower/Images/RAW Images/_DSC0017.NEF
./Hower/Images/RAW Images/_DSC0018.NEF
./Hudnall/Images/RAW Images/_DSC0001.NEF
./Hudnall/Images/RAW Images/_DSC0002.NEF
./Hudnall/Images/RAW Images/_DSC0005.NEF
./Hudnall/Images/RAW Images/_DSC0006.NEF
./Hudnall/Images/RAW Images/_DSC0007.NEF
./Hudnall/Images/RAW Images/DSC_0031.NEF
./Hudnall/Images/RAW Images/DSC_0032.NEF
./Hudnall/Images/RAW Images/DSC_0033.NEF
./Hudnall/Images/Three Drummers Back.tif
./Hudnall/Images/Three Drummers Uncropped.tif
./Hudnall/Images/Three Drummers.jpg
./Hudnall/Images/Three Drummers.tif
./Huitt/Images/Gary's Eggs.tif
./image_coming_soon.jpg
./Jahiel/Images/Three Horses.tif
./Jenson/Cape Perpetua/Images/Cape Perpetua.tif
./Jenson/Dry Wash/Images/Dry Wash.tif
./Jenson/Factory Butte/Images/Factory Butte.tif
./Jenson/Lone Tree/Images/Lone Tree.tif
./Jenson/Rock Wall/Images/Rock Wall.tif
./Jenson/Storm Clouds/Images/Storm Clouds.tif
./Jenson/Sunken Boat/Images/Sunken Boat.tif
./Jenson/The Dalles Mountain Road/Images/The Dalles Mountain Road.tif
./Jenson/Winter Trees 1/Images/Winter Trees 1.tif
./Jenson/Winter Trees 2/Images/Winter Trees 2.tif
./Johndraw/Images/Toad Back.tif
./Johndraw/Images/Toad.tif
./Johnson, S./Images/Ice Fall Back.tif
./Johnson, S./Images/Ice Fall Uncropped.tif
./Johnson, S./Images/Ice Fall.jpg
./Johnson, S./Images/Ice Fall.tif
./Johnson, S./Images/RAW Images/DSC_0005.NEF
./Johnson, S./Images/RAW Images/DSC_0006.NEF
./Johnson, S./Images/RAW Images/DSC_0006.psd
./Johnson, S./Images/RAW Images/DSC_0007.NEF
./Johnson, S./Images/RAW Images/DSC_0008.NEF
./Jordahl, G./Images/Canyonlands.tif
./Jordahl, G./Images/FA49_jordahl.jpg
./Jordahl, G./Images/RAW Images/DSC_0033.NEF
./Jordahl, G./Images/RAW Images/DSC_0034.NEF
./Jordahl, G./Images/RAW Images/DSC_0035.NEF
./Jordahl, G./Images/RAW Images/DSC_0035.psd
./Jordahl, G./Images/RAW Images/DSC_0036.NEF
./Jordahl, K./Images/RAW Images/DSC_0034.NEF
./Jordahl, K./Images/RAW Images/DSC_0035.NEF
./Jordahl, K./Images/RAW Images/DSC_0036.NEF
./Jordahl, K./Images/Yosemite Falls Back.tif
./Jordahl, K./Images/Yosemite Falls Uncropped.tif
./Jordahl, K./Images/Yosemite Falls.tif
./Katchian/Kyoto/Images/Kyoto Back.tif
./Katchian/Kyoto/Images/Kyoto.tif
./Katchian/Phone at Gene's Loft/Images/Phone at Gene's Loft Back.tif
./Katchian/Phone at Gene's Loft/Images/Phone at Gene's Loft.tif
./Keimig/Images/Tres Cruces.tif
./Kellenberger/Images/Four Fishing Poles Back.tif
./Kellenberger/Images/Four Fishing Poles.tif
./Ketchum/Images/Tidal Flats.tif
./Kirby/Images/Ghost Forest OR.tif
./Klett/Images/RAW Images/DSC_0021.NEF
./Klett/Images/RAW Images/DSC_0023.NEF
./Klett/Images/RAW Images/DSC_0038.NEF
./Klett/Images/RAW Images/klett.psd
./Klett/Images/Solitario Mtns Back.tif
./Klett/Images/Solitario Mtns Uncropped.tif
./Klett/Images/Solitario Mtns.jpg
./Klett/Images/Solitario Mtns.tif
./Kotz/Images/Legacy.tif
./Kozal/Cypress Grove/Images/Cypress Grove Back.tif
./Kozal/Cypress Grove/Images/Cypress Grove.tif
./Kozal/Winter/Images/RAW Images/DSC_0021.NEF
./Kozal/Winter/Images/RAW Images/DSC_0022.NEF
./Kozal/Winter/Images/RAW Images/DSC_0023.NEF
./Kozal/Winter/Images/RAW Images/DSC_0024.NEF
./Kozal/Winter/Images/RAW Images/kozal.psd
./Kozal/Winter/Images/Winter.jpg
./Kozal/Winter/Images/Winter.tif
./Kratochvil/Images/Palm Sunday Back.tif
./Kratochvil/Images/Palm Sunday.tif
./Kraus/Images/Beth Back.tif
./Kraus/Images/Beth Uncropped.tif
./Kraus/Images/Beth.jpg
./Kraus/Images/Beth.tif
./Kraus/Images/RAW Images/DSC_0035.NEF
./Kraus/Images/RAW Images/DSC_0036.NEF
./Kraus/Images/RAW Images/DSC_0037.NEF
./Kraus/Images/RAW Images/DSC_0038.NEF
./Kruvand/Images/Pinon Pine Back.tif
./Kruvand/Images/Pinon Pine Floating in Black, Grand Canyon.tif
./Kruvand/Images/RAW Images/DSC_0025.NEF
./Kruvand/Images/RAW Images/DSC_0026.NEF
./Kruvand/Images/RAW Images/DSC_0027.NEF
./Kruvand/Images/RAW Images/DSC_0028.NEF
./Kruvand/Images/RAW Images/DSC_0029.NEF
./Kruvand/Images/RAW Images/DSC_0030.NEF
./Kruvand/Images/RAW Images/DSC_0032.NEF
./Langham/Images/RAW Images/DSC_0013.NEF
./Langham/Images/RAW Images/DSC_0014.NEF
./Langham/Images/RAW Images/DSC_0015.NEF
./Langham/Images/RAW Images/DSC_0015.psd
./Langham/Images/RAW Images/DSC_0016.NEF
./Langham/Images/Snail Hand.jpg
./Langham/Images/Snail Hand.tif
./Laughton/Dodge/Images/Dodge.tif
./Lavalette/Images/Kaylyn Swinging Back.tif
./Lavalette/Images/Kaylyn Swinging.tif
./Lawrence/Images/Maldiya Back.tif
./Lawrence/Images/Maldiya.tif
./Layton/Images/Untitled (Saiga) RAW.NEF
./Layton/Images/Untitled (Saiga).tif
./Leipzig/Images/Ideal Laundry, Brooklyn.jpg
./Leipzig/Images/Ideal Laundry, Brooklyn.tif
./Leipzig/Images/RAW Images/DSC_0012.NEF
./Leipzig/Images/RAW Images/DSC_0014.NEF
./Leipzig/Images/RAW Images/DSC_0049.NEF
./Leipzig/Images/RAW Images/DSC_0050.NEF
./Leipzig/Images/RAW Images/leipzig_laundry.psd
./Leivick/Images/RAW Images/DSC_0026.NEF
./Leivick/Images/RAW Images/DSC_0028.NEF
./Leivick/Images/RAW Images/DSC_0029.NEF
./Leivick/Images/RAW Images/DSC_0030.NEF
./Leivick/Images/Underground Quarry.tif
./Lender/Images/Untitled Back.tif
./Lender/Images/Untitled.tif
./Leshko/Images/Swing Ride Back.tif
./Leshko/Images/Swing Ride.tif
./Light/Child Loom Worker/Images/Child Loom Worker.tif
./Light/Child Loom Worker/Images/RAW Images/DSC_0011.NEF
./Light/Child Loom Worker/Images/RAW Images/DSC_0012.NEF
./Light/Cotton Choppers/Images/Cotton Choppers Back.tif
./Light/Cotton Choppers/Images/Cotton Choppers.tif
./Light/Cotton Choppers/Images/RAW Images/DSC_0005.NEF
./Light/Cotton Choppers/Images/RAW Images/DSC_0006.NEF
./Light/Cotton Choppers/Images/RAW Images/DSC_0007.NEF
./Light/Cotton Choppers/Images/RAW Images/DSC_0008.NEF
./Light/Cotton Choppers/Images/RAW Images/DSC_0009.NEF
./Light/Cotton Choppers/Images/RAW Images/DSC_0010.NEF
./Light/Cotton Choppers/Images/RAW Images/DSC_0011.NEF
./Light/Cotton Choppers/Images/RAW Images/DSC_0012.NEF
./Light/Cotton Choppers/Images/RAW Images/DSC_0013.NEF
./Light/Cotton Choppers/Images/RAW Images/DSC_0014.NEF
./Light/Cotton Choppers/Images/RAW Images/DSC_0015.NEF
./Light/Cotton Choppers/Images/RAW Images/DSC_0016.NEF
./Light/Cotton Choppers/Images/RAW Images/DSC_0017.NEF
./Light/Cotton Choppers/Images/RAW Images/DSC_0018.NEF
./Light/Cotton Choppers/Images/RAW Images/DSC_0019.NEF
./Light/Cotton Choppers/Images/RAW Images/DSC_0020.NEF
./Light/Cotton Choppers/Images/RAW Images/DSC_0021.NEF
./Light/Cotton Choppers/Images/RAW Images/DSC_0022.NEF
./Light/Cotton Choppers/Images/RAW Images/DSC_0023.NEF
./Light/Cotton Choppers/Images/RAW Images/DSC_0024.NEF
./Light/Cotton Choppers/Images/RAW Images/DSC_0025.NEF
./Light/Cotton Choppers/Images/RAW Images/DSC_0026.NEF
./Light/Cotton Choppers/Images/RAW Images/DSC_0027.NEF
./Light/Cotton Choppers/Images/RAW Images/DSC_0028.NEF
./Light/Cotton Choppers/Images/RAW Images/DSC_0029.NEF
./Light/Cotton Choppers/Images/RAW Images/DSC_0030.NEF
./Light/Cotton Choppers/Images/RAW Images/DSC_0031.NEF
./Light/Cotton Choppers/Images/RAW Images/DSC_0032.NEF
./Light/Cotton Choppers/Images/RAW Images/DSC_0033.NEF
./Light/Cotton Choppers/Images/RAW Images/DSC_0034.NEF
./Light/Cotton Choppers/Images/RAW Images/DSC_0035.NEF
./Light/Cotton Choppers/Images/RAW Images/DSC_0036.NEF
./Light/Cotton Choppers/Images/RAW Images/DSC_0037.NEF
./Light/Cotton Choppers/Images/RAW Images/DSC_0038.NEF
./Light/Cotton Choppers/Images/RAW Images/DSC_0039.NEF
./Light/Cotton Choppers/Images/RAW Images/DSC_0040.NEF
./Light/Cotton Choppers/Images/RAW Images/DSC_0041.NEF
./Light/Cotton Choppers/Images/RAW Images/DSC_0042.NEF
./Light/Cotton Choppers/Images/RAW Images/DSC_0043.NEF
./Light/Cotton Choppers/Images/RAW Images/DSC_0044.NEF
./Light/Cotton Choppers/Images/RAW Images/DSC_0045.NEF
./Light/Dancing Saturday Night/Images/Dancing Saturday Night.tif
./Light/Dancing Saturday Night/Images/RAW Images/DSC_0029.NEF
./Light/Dancing Saturday Night/Images/RAW Images/DSC_0030.NEF
./Light/Drying Alfalfa/Images/Drying Alfalfa.jpg
./Light/Drying Alfalfa/Images/Drying Alfalfa.tif
./Light/Drying Alfalfa/Images/RAW Images/DSC_0035.NEF
./Light/Drying Alfalfa/Images/RAW Images/DSC_0036.NEF
./Light/El Aqujero Internacional/Images/El Aqujero Internacional.tif
./Light/El Aqujero Internacional/Images/RAW Images/DSC_0013.NEF
./Light/El Aqujero Internacional/Images/RAW Images/DSC_0014.NEF
./Light/Emerson Rudd/Images/Emerson Rudd.tif
./Light/Emerson Rudd/Images/RAW Images/DSC_0009.NEF
./Light/Emerson Rudd/Images/RAW Images/DSC_0010.NEF
./Light/Emmanuel and His Mother/Images/Emmanuel and His Mother Back.tif
./Light/Emmanuel and His Mother/Images/Emmanuel and His Mother.tif
./Light/Emmanuel and His Mother/Images/RAW Images/DSC_0001.NEF
./Light/Emmanuel and His Mother/Images/RAW Images/DSC_0002.NEF
./Light/Feet of the Campesino/Images/Feet of the Campesino.jpg
./Light/Feet of the Campesino/Images/Feet of the Campesino.tif
./Light/Feet of the Campesino/Images/RAW Images/DSC_0021.NEF
./Light/Feet of the Campesino/Images/RAW Images/DSC_0022.NEF
./Light/Field Workers/Images/Field Workers.tif
./Light/Field Workers/Images/RAW Images/DSC_0003.NEF
./Light/Field Workers/Images/RAW Images/DSC_0004.NEF
./Light/Gathering La Leña/Images/Gathering La Leña.jpg
./Light/Gathering La Leña/Images/Gathering La Leña.tif
./Light/Gathering La Leña/Images/RAW Images/DSC_0023.NEF
./Light/Gathering La Leña/Images/RAW Images/DSC_0024.NEF
./Light/Handwoven Sombrero/Images/Handwoven Sombrero.tif
./Light/Handwoven Sombrero/Images/RAW Images/DSC_0019.NEF
./Light/Handwoven Sombrero/Images/RAW Images/DSC_0020.NEF
./Light/John, 77/Images/John, 77.jpg
./Light/John, 77/Images/John, 77.tif
./Light/John, 77/Images/Raw Images/DSC_0033.NEF
./Light/John, 77/Images/Raw Images/DSC_0034.NEF
./Light/Laotian Family/Images/Laotian Family.tif
./Light/Laotian Family/Images/RAW Images/DSC_0017.NEF
./Light/Laotian Family/Images/RAW Images/DSC_0018.NEF
./Light/Lettuce Picker/Images/Lettuce Picker.tif
./Light/Lettuce Picker/Images/RAW Images/DSC_0015.NEF
./Light/Lettuce Picker/Images/RAW Images/DSC_0016.NEF
./Light/Ohio National Guard/Images/Ohio National Guard.tif
./Light/Ohio National Guard/Images/RAW Images/DSC_0005.NEF
./Light/Ohio National Guard/Images/RAW Images/DSC_0006.NEF
./Light/River Baptism/Images/RAW Images/DSC_0031.NEF
./Light/River Baptism/Images/RAW Images/DSC_0032.NEF
./Light/River Baptism/Images/River Baptism.tif
./Light/Sewing Guards/Images/RAW Images/DSC_0007.NEF
./Light/Sewing Guards/Images/RAW Images/DSC_0008.NEF
./Light/Sewing Guards/Images/Sewing Guards.tif
./Light/Sunday Service/Images/RAW Images/DSC_0027.NEF
./Light/Sunday Service/Images/RAW Images/DSC_0028.NEF
./Light/Sunday Service/Images/Sunday Service.tif
./Light/Unknown Title/Images/RAW Images/DSC_0037.NEF
./Light/Unknown Title/Images/RAW Images/DSC_0038.NEF
./Light/Unknown Title/Images/Unknown Back.tif
./Light/Unknown Title/Images/Unknown copy.tif
./Light/Unknown Title/Images/Unknown.tif
./Light/Veronica/Images/RAW Images/DSC_0025.NEF
./Light/Veronica/Images/RAW Images/DSC_0026.NEF
./Light/Veronica/Images/Veronica.tif
./Lizette/Images/Unknown Back.tif
./Lizette/Images/Unknown.tif
./Loebel/Back Yards/Images/Back Yards Back.tif
./Loebel/Back Yards/Images/Back Yards.tif
./Loebel/Entrances/Images/Entrances Back.tif
./Loebel/Entrances/Images/Entrances.jpg
./Loebel/Entrances/Images/Entrances.tif
./Loebel/Sales Office/Images/Sales Office Back.tif
./Loebel/Sales Office/Images/Sales Office.tif
./Loebel/Street/Images/Street Back.tif
./Loebel/Street/Images/Street.tif
./Loebel/Urban Signage 1/Images/Urban Signage 1 Back.tif
./Loebel/Urban Signage 1/Images/Urban Signage 1.tif
./Loebel/Urban Signage 2/Images/Urban Signage 2 Back.tif
./Loebel/Urban Signage 2/Images/Urban Signage 2.tif
./Lopez/Images/Heirs Come to Pass.jpg
./Lopez/Images/Heirs Come to Pass.tif
./Lovett/Images/Pauline.jpg
./Lovett/Images/Pauline.tif
./Lovett/Images/RAW Images/DSC_0004.NEF
./Lovett/Images/RAW Images/DSC_0004.psd
./Lovett/Images/RAW Images/DSC_0005.NEF
./Lovett/Images/RAW Images/DSC_0006.NEF
./Lovett/Images/RAW Images/DSC_0008.NEF
./Lowe/Images/Cotton Pickers.tif
./Lynch/Images/Blue Marilyn Back.tif
./Lynch/Images/Blue Marilyn.tif
./Lyon/Images/Demo Driver.jpg
./Lyon/Images/Demo Driver.tif
./Lyon/Images/RAW Images/_DSC0036.NEF
./Lyon/Images/RAW Images/_DSC0037.NEF
./Lyon/Images/RAW Images/danny_lyon37.psd
./Lyon/Images/RAW Images/DSC_0011.NEF
./Mallo/Images/Passengers.jpg
./Mallo/Images/Passengers.tif
./Mallo/Images/RAW Images/DSC_0001.NEF
./Mallo/Images/RAW Images/DSC_0002.NEF
./Mallo/Images/RAW Images/DSC_0003.NEF
./Mallo/Images/RAW Images/DSC_0017.NEF
./Mark/Images/RAW Images/_DSC0020.NEF
./Mark/Images/RAW Images/_DSC0021.NEF
./Mark/Images/RAW Images/_DSC0022.NEF
./Mark/Images/RAW Images/_DSC0023.NEF
./Mark/Images/RAW Images/DSC_0034.NEF
./Mark/Images/RAW Images/DSC_0035.NEF
./Mark/Images/RAW Images/DSC_0036.NEF
./Mark/Images/Vashira & Tashira.jpg
./Mark/Images/Vashira & Tashira.tif
./Martin, I./Images/Shanty Home Back.tif
./Martin, I./Images/Shanty Home.tif
./Martin, S./Images/Love Bus.tif
./Mattern/Images/Tree #2.tif
./Mattingly/Images/Navel of the Moon Back.tif
./Mattingly/Images/Navel of the Moon.tif
./McDowell/Images/Diptych Back.tif
./McDowell/Images/Diptych.tif
./McNeill/Boys and Comics/Images/Boys Reading Comic Books Back.tif
./McNeill/Boys and Comics/Images/Boys Reading Comic Books.tif
./McNeill/Diaper Service Truck/Images/Diaper Service Truck Back.tif
./McNeill/Diaper Service Truck/Images/Diaper Service Truck.tif
./McNeill/Dorothy Height/Images/Dorothy Height Back.tif
./McNeill/Dorothy Height/Images/Dorothy Height.tif
./McNeill/Jesse Owens/Images/Jesse Owens Back.tif
./McNeill/Jesse Owens/Images/Jesse Owens.tif
./McNeill/Joe Louis/Images/Joe Louis Back.tif
./McNeill/Joe Louis/Images/Joe Louis.tif
./McNeill/Johnson's Store/Images/Johnson's Store Back.tif
./McNeill/Johnson's Store/Images/Johnson's Store.tif
./McNeill/Lionel Hampton/Images/Lionel Hampton Back.tif
./McNeill/Lionel Hampton/Images/Lionel Hampton.tif
./McNeill/Make a Wish/Images/Make a Wish Back.tif
./McNeill/Make a Wish/Images/Make a Wish.tif
./McNeill/NACW/Images/NACW Back.tif
./McNeill/NACW/Images/NACW.tif
./McNeill/New Car/Images/New Car Back.tif
./McNeill/New Car/Images/New Car.tif
./McNeill/Republic Theatre/Images/Republic Theatre Back.tif
./McNeill/Republic Theatre/Images/Republic Theatre.tif
./McNeill/Robert with Camera/Images/Robert with Camera.tif
./McNeill/Taking Tickets/Images/Taking TIckets Back.tif
./McNeill/Taking Tickets/Images/Taking Tickets.tif
./McNeill/Two Women Talking/Images/Two Women Talking Back.tif
./McNeill/Two Women Talking/Images/Two Women Talking.tif
./Medow/Images/Great Blue Heron Back.tif
./Medow/Images/Great Blue Heron.tif
./Meeks/Images/Lara Back.tif
./Meeks/Images/Lara.tif
./Menuez/Images/Heaven, Earth, Tequila Back.tif
./Menuez/Images/Heaven, Earth, Tequila.tif
./Meyerowitz/Images/Provincetown.tif
./Meyerowitz/Images/RAW Images/DSC_0037.NEF
./Meyerowitz/Images/RAW Images/DSC_0038.NEF
./Meyerowitz/Images/RAW Images/DSC_0039.NEF
./Meyerowitz/Images/RAW Images/DSC_0040.NEF
./Michaels/Good Morning Glory/Images/Good Morning Glory Back.tif
./Michaels/Good Morning Glory/Images/Good Morning Glory.tif
./Michaels/New York (rain)/Images/New York (rain).jpg
./Michaels/New York (rain)/Images/New York (rain).tif
./Michaels/New York (rain)/Images/RAW Images/DSC_0033.NEF
./Michaels/New York (rain)/Images/RAW Images/michaels.psd
./Michna-Bales/Eagle Hollow from Hunter’s Bottom/Images/Eagle Hollow Print.jpg
./Michna-Bales/Eagle Hollow from Hunter’s Bottom/Images/Eagle Hollow Web.jpg
./Miller/Images/Maxwell Street Blues Back.tif
./Miller/Images/Maxwell Street Blues.tif
./Milligan/Images/Wren Day.tif
./Mitchell/The Illumination/Images/The Illumination Back.tif
./Mitchell/The Illumination/Images/The Illumination.tif
./Modica/Images/RAW Images/DSC_0030.NEF
./Modica/Images/RAW Images/DSC_0032.NEF
./Modica/Images/RAW Images/DSC_0033.NEF
./Modica/Images/RAW Images/DSC_0034.NEF
./Modica/Images/Treadwell.jpg
./Modica/Images/Treadwell.tif
./Moore/Images/Birmingham.jpg
./Moore/Images/Birmingham.tif
./Moore/Images/RAW Images/charles_moore_civil_rights1.psd
./Moore/Images/RAW Images/comer2_1.psd
./Moore/Images/RAW Images/DSC_0044.NEF
./Moore/Images/RAW Images/DSC_0045.NEF
./Morath/Eleanor Roosevelt and Adlai Stevenson/Images/Eleanor Roosevelt and Adlai Stevenson Back.tif
./Morath/Eleanor Roosevelt and Adlai Stevenson/Images/Eleanor Roosevelt and Adlai Stevenson.tif
./Morath/Encounter on Times Square/Images/Encounter on Times Square.jpg
./Morath/Encounter on Times Square/Images/Encounter on Times Square.TIF
./Morath/Encounter on Times Square/Images/RAW Images/DSC_0012.NEF
./Morath/Encounter on Times Square/Images/RAW Images/DSC_0015.NEF
./Morath/Encounter on Times Square/Images/RAW Images/DSC_0016.NEF
./Morath/Encounter on Times Square/Images/RAW Images/DSC_0046.NEF
./Morath/Encounter on Times Square/Images/RAW Images/DSC_0047.NEF
./Morath/Encounter on Times Square/Images/RAW Images/DSC_0048.NEF
./Morgan/Images/Studio Shoot Back.tif
./Morgan/Images/Studio Shoot.tif
./Muholi/Images/Lerato Dumse Back.tif
./Muholi/Images/Lerato Dumse.jpg
./Muholi/Images/Lerato Dumse.tif
./Neill/Images/RAW Images/DSC_0017.NEF
./Neill/Images/RAW Images/DSC_0018.NEF
./Neill/Images/RAW Images/DSC_0019.NEF
./Neill/Images/RAW Images/DSC_0020.NEF
./Neill/Images/RAW Images/neill.psd
./Neill/Images/Twilight Surf Uncropped.tif
./Neill/Images/Twilight Surf.jpg
./Neill/Images/Twilight Surf.tif
./Newman/Images/Dining Spot.jpg
./Newman/Images/Dining Spot.tif
./Newman/Images/RAW Images/DSC_0024.NEF
./Newman/Images/RAW Images/DSC_0025.NEF
./Newman/Images/RAW Images/DSC_0044.NEF
./Newman/Images/RAW Images/newman_dots.psd
./Nibblink/Images/Comparisons Back.tif
./Nibblink/Images/Comparisons.tif
./Noggle/Images/Myself as a Pilot.jpg
./Noggle/Images/Myself as a Pilot.tif
./Noggle/Images/RAW Images/_DSC0031.NEF
./Noggle/Images/RAW Images/_DSC0032.NEF
./Noggle/Images/RAW Images/_DSC0033.NEF
./Noggle/Images/RAW Images/DSC_0035.NEF
./O'Neal/Images/Eastwood and Bennett Back.tif
./O'Neal/Images/Eastwood and Bennett.tif
./Ohringer/Images/Labios Ardientes Back.tif
./Ohringer/Images/Labios Ardientes.tif
./Ohringer/Images/RAW Images/DSC_0016.NEF
./Ohringer/Images/RAW Images/DSC_0017.NEF
./Ohringer/Images/RAW Images/DSC_0018.NEF
./Padilla/Images/Untitled.tif
./Parks/Images/Ella Watson.jpg
./Parks/Images/Ella Watson.tif
./Parks/Images/RAW Images/_DSC0027.NEF
./Parks/Images/RAW Images/_DSC0028.NEF
./Parks/Images/RAW Images/_DSC0029.NEF
./Parks/Images/RAW Images/_DSC0030.NEF
./Parks/Images/RAW Images/_DSC0031.NEF
./Parks/Images/RAW Images/DSC_0010.NEF
./Parks/Images/RAW Images/DSC_0011.NEF
./Parks/Images/RAW Images/DSC_0012.NEF
./Patterson/Images/Prarie Grass Leak Back.tif
./Patterson/Images/Prarie Grass Leak.tif
./Perry/Images/Truce (Back of Mat).tif
./Perry/Images/Truce Back.tif
./Perry/Images/Truce.tif
./Pfahl/Images/Bethlehem.jpg
./Pfahl/Images/Bethlehem.tif
./Pfahl/Images/RAW Images/DSC_0041.NEF
./Pfahl/Images/RAW Images/phahl_john_2.psd
./Phelps/Images/RAW Images/DSC_0009.NEF
./Phelps/Images/RAW Images/DSC_0010.NEF
./Phelps/Images/RAW Images/DSC_0011.NEF
./Phelps/Images/RAW Images/DSC_0012.NEF
./Phelps/Images/RAW Images/phelps.psd
./Phelps/Images/Two Medicine Fight Site, Montana.jpg
./Phelps/Images/Two Medicine Fight Site, Montana.tif
./Porter/Aspens in Early Spring/Images/Aspens in Early Spring Back.tif
./Porter/Aspens in Early Spring/Images/Aspens in Early Spring.tif
./Porter/Cypress Swamp/Images/Cypress Swamp Back.tif
./Porter/Cypress Swamp/Images/Cypress Swamp.tif
./Porter/Eroded Rock/Images/Eroded Rock Back.tif
./Porter/Eroded Rock/Images/Eroded Rock.tif
./Porter/Maple Blossoms in a Woodland Pool/Images/Maple Blossoms in a Woodland Pool Back.tif
./Porter/Maple Blossoms in a Woodland Pool/Images/Maple Blossoms in a Woodland Pool.tif
./Porter/Ponderosa Pine/Images/Ponderosa Pine Back.tif
./Porter/Ponderosa Pine/Images/Ponderosa Pine.tif
./Porter/Portfolio Booklet 1.tif
./Porter/Portfolio Booklet 2.tif
./Porter/Portfolio Booklet 3.tif
./Porter/Portfolio Booklet 4.tif
./Porter/Rhodora/Images/Rhodora Back.tif
./Porter/Rhodora/Images/Rhodora.tif
./Porter/Snow and Grass/Images/Snow and Grass Back.tif
./Porter/Snow and Grass/Images/Snow and Grass.tif
./Porter/Snow on Sand Dunes/Images/Snow on Sand Dunes Back.tif
./Porter/Snow on Sand Dunes/Images/Snow on Sand Dunes.tif
./Porter/Spruce Trees and River/Images/Spruce Trees and River Back.tif
./Porter/Spruce Trees and River/Images/Spruce Trees and River.tif
./Priola/Images/Crystal Ball.jpg
./Priola/Images/Crystal Ball.tif
./Priola/Images/RAW Images/DSC_0006.NEF
./Priola/Images/RAW Images/DSC_0007.NEF
./Priola/Images/RAW Images/DSC_0008.NEF
./Priola/Images/RAW Images/DSC_0009.NEF
./Priola/Images/RAW Images/DSC_0010.NEF
./Priola/Images/RAW Images/DSC_0011.NEF
./Priola/Images/RAW Images/DSC_0012.NEF
./Pujol/Images/Baptism Back.tif
./Pujol/Images/Baptism.tif
./Reynolds/Images/Big Bend.tif
./Reynolds/Images/RAW Images/_DSC0056.NEF
./Reynolds/Images/RAW Images/_DSC0057.NEF
./Reynolds/Images/RAW Images/_DSC0058.NEF
./Reynolds/Images/RAW Images/Big Bend RAW.NEF
./Riboud/Images/Karuizawa, Japan.jpg
./Riboud/Images/Karuizawa, Japan.tif
./Riboud/Images/RAW Images/_DSC0017.NEF
./Riboud/Images/RAW Images/_DSC0018.NEF
./Richards/Images/Barefoot with Brent Uncropped.tif
./Richards/Images/Barefoot with Brent.jpg
./Richards/Images/Barefoot with Brent.tif
./Richards/Images/RAW Images/DSC_0017.NEF
./Richards/Images/RAW Images/DSC_0018.NEF
./Richards/Images/RAW Images/DSC_0019.NEF
./Richards/Images/RAW Images/DSC_0020.NEF
./Rinnhofer/Images/Menschenkunde Back.tif
./Rinnhofer/Images/Menschenkunde.tif
./Rodger/Images/Messakin Tiwal Girl.jpg
./Rodger/Images/Messakin Tiwal Girl.tif
./Rodger/Images/RAW Images/DSC_0004.NEF
./Rodger/Images/RAW Images/DSC_0005.NEF
./Rodger/Images/RAW Images/DSC_0006.NEF
./Rodger/Images/RAW Images/DSC_0007.NEF
./Rosenthal/Images/Dream Back.tif
./Rosenthal/Images/Dream.tif
./Ross/Images/Leidig Meadow.jpg
./Ross/Images/Leidig Meadow.tif
./Ross/Images/RAW Images/DSC_0002.NEF
./Ross/Images/RAW Images/DSC_0003.NEF
./Ross/Images/RAW Images/DSC_0004.NEF
./Ross/Images/RAW Images/DSC_0005.NEF
./Rozovsky/Images/Untitled Back.tif
./Rozovsky/Images/Untitled.tif
./Salcido/Images/Tangerines.tif
./Salgado/Images/RAW Images/_DSC0034.NEF
./Salgado/Images/RAW Images/_DSC0035.NEF
./Salgado/Images/Rwanda.jpg
./Salgado/Images/Rwanda.tif
./Schulke/Images/Corretta Scott King Funeral of Martin Luther King, Jr..jpg
./Schulke/Images/Corretta Scott King Funeral of Martin Luther King, Jr..tif
./Schulke/Images/RAW Images/_DSC0040.NEF
./Schulke/Images/RAW Images/_DSC0041.NEF
./Schulke/Images/RAW Images/_DSC0042.NEF
./Schulke/Images/RAW Images/_DSC0043.NEF
./Schulke/Images/RAW Images/DSC_0007.NEF
./Schulke/Images/RAW Images/DSC_0008.NEF
./Schulke/Images/RAW Images/DSC_0008.psd
./Schulke/Images/RAW Images/DSC_0009.NEF
./Schulke/Images/RAW Images/FA88_schulke_back.jpg
./Schwedhelm/Images/Ryder 4.tif
./Seaman/Images/Christmas Day.tif
./Serrano/Images/Istanbul.jpg
./Serrano/Images/Istanbul.tif
./Serrano/Images/RAW Images/_DSC0026.NEF
./Serrano/Images/RAW Images/_DSC0027.NEF
./Serrano/Images/RAW Images/DSC_0020.NEF
./Serrano/Images/RAW Images/DSC_0023.NEF
./Sexton/Black Oaks, Morning Mist/Images/Black Oaks, Morning Mist.jpg
./Sexton/Black Oaks, Morning Mist/Images/Black Oaks, Morning Mist.tif
./Sexton/Black Oaks, Morning Mist/Images/RAW Images/DSC_0037.NEF
./Sexton/Black Oaks, Morning Mist/Images/RAW Images/DSC_0038.NEF
./Sexton/Black Oaks, Morning Mist/Images/RAW Images/DSC_0039.NEF
./Sexton/Black Oaks, Morning Mist/Images/RAW Images/DSC_0040.NEF
./Sexton/Black Oaks, Morning Mist/Images/RAW Images/sexton.psd
./Sexton/Columbia, Aft View/Images/Columbia, Aft View.jpg
./Sexton/Columbia, Aft View/Images/Columbia, Aft View.tif
./Sexton/Columbia, Aft View/Images/RAW Images/DSC_0046.NEF
./Sexton/Columbia, Aft View/Images/RAW Images/DSC_0047.NEF
./Sexton/Columbia, Aft View/Images/RAW Images/DSC_0048.NEF
./Sheikh/Images/Born at the Time of War Back.tif
./Sheikh/Images/Born at the Time of War Uncropped.tif
./Sheikh/Images/Born at the Time of War.jpg
./Sheikh/Images/Born at the Time of War.tif
./Sheikh/Images/RAW Images/DSC_0019.NEF
./Sheikh/Images/RAW Images/DSC_0020.NEF
./Sheikh/Images/RAW Images/DSC_0021.NEF
./Sheikh/Images/RAW Images/DSC_0023.NEF
./Sheikh/Images/RAW Images/DSC_0024.NEF
./Sherman/Images/Cigarettes Back.tif
./Sherman/Images/Cigarettes.jpg
./Sherman/Images/Cigarettes.tif
./Sherman/Images/RAW Images/_DSC0005.NEF
./Sherman/Images/RAW Images/_DSC0006.NEF
./Sherman/Images/RAW Images/_DSC0007.NEF
./Sherman/Images/RAW Images/_DSC0008.NEF
./Sherman/Images/RAW Images/_DSC0009.NEF
./Sherman/Images/RAW Images/_DSC0010.NEF
./Sherman/Images/RAW Images/_DSC0011.NEF
./Sherman/Images/RAW Images/_DSC0012.NEF
./Sherman/Images/RAW Images/_DSC0013.NEF
./Sherman/Images/RAW Images/_DSC0014.NEF
./Sherman/Images/RAW Images/_DSC0015.NEF
./Sherman/Images/RAW Images/DSC_0025.NEF
./Sherman/Images/RAW Images/sherman_cindy_2.psd
./Sicurella/Images/Alex Eye.jpg
./Sicurella/Images/Alex Eye.tif
./Sicurella/Images/RAW Images/_DSC0038.NEF
./Sicurella/Images/RAW Images/_DSC0039.NEF
./Sicurella/Images/RAW Images/_DSC0040.NEF
./Sicurella/Images/RAW Images/_DSC0041.NEF
./Sicurella/Images/RAW Images/_DSC0042.NEF
./Sicurella/Images/RAW Images/_DSC0043.NEF
./Sicurella/Images/RAW Images/_DSC0044.NEF
./Sicurella/Images/RAW Images/_DSC0045.NEF
./Sicurella/Images/RAW Images/_DSC0046.NEF
./Sicurella/Images/RAW Images/_DSC0047.NEF
./Sicurella/Images/RAW Images/sicarella_tom_6.psd
./Sicurella/Images/RAW Images/sicarella_tom_flat.psd
./Smithson/Images/Venice Back.tif
./Smithson/Images/Venice.tif
./Soejima/Images/Still Life Back.tif
./Soejima/Images/Still Life.tif
./Solyagua/Images/Flying Birds Uncropped.tif
./Solyagua/Images/Flying Birds.jpg
./Solyagua/Images/Flying Birds.tif
./Solyagua/Images/RAW Images/DSC_0041.NEF
./Solyagua/Images/RAW Images/DSC_0044.NEF
./Solyagua/Images/RAW Images/DSC_0045.NEF
./Solyagua/Images/RAW Images/DSC_0046.NEF
./Stackpole/Images/Golden Gate.jpg
./Stackpole/Images/Golden Gate.tif
./Stackpole/Images/RAW Images/DSC_0031.NEF
./Stackpole/Images/RAW Images/DSC_0032.NEF
./Stackpole/Images/RAW Images/DSC_0033.NEF
./Stein/Images/Woman Wearing Ear Muffs Back.tif
./Stein/Images/Woman Wearing Ear Muffs.tif
./Steinmetz/Images/Perugia, Italy Back.tif
./Steinmetz/Images/Perugia, Italy.tif
./Stern/Images/Beatniks Back.tif
./Stern/Images/Beatniks.tif
./Stringfellow/Abandoned Pro Shop/Images/Abandoned Pro Shop Back.tif
./Stringfellow/Abandoned Pro Shop/Images/Abandoned Pro Shop.tif
./Stringfellow/Abandoned Pro Shop/Images/RAW Images/_DSC0008.NEF
./Stringfellow/Abandoned Pro Shop/Images/RAW Images/_DSC0010.NEF
./Stringfellow/Abandoned Pro Shop/Images/RAW Images/_DSC0011.NEF
./Stringfellow/Abandoned Trailer/Images/Abandoned Trailer.tif
./Stringfellow/Abandoned Trailer/Images/RAW Images/_DSC0043.NEF
./Stringfellow/Abandoned Trailer/Images/RAW Images/_DSC0044.NEF
./Stringfellow/Abandoned Trailer/Images/RAW Images/_DSC0045.NEF
./Stringfellow/Flooded Building/Images/Flooded Building Back.tif
./Stringfellow/Flooded Building/Images/Flooded Building.tif
./Stringfellow/Flooded Building/Images/RAW Images/_DSC0012.NEF
./Stringfellow/Flooded Building/Images/RAW Images/_DSC0013.NEF
./Stringfellow/Flooded Building/Images/RAW Images/_DSC0014.NEF
./Stringfellow/Kenny Homestead/Images/RAW Images/_DSC0024.NEF
./Stringfellow/Kenny Homestead/Images/RAW Images/_DSC0025.NEF
./Stringfellow/Kenny Homestead/Images/RAW Images/_DSC0026.NEF
./Stringfellow/North Shore Marina/Images/North Shore Marina Back.tif
./Stringfellow/North Shore Marina/Images/North Shore Marina.tif
./Stringfellow/North Shore Marina/Images/RAW Images/_DSC0004.NEF
./Stringfellow/North Shore Marina/Images/RAW Images/_DSC0006.NEF
./Stringfellow/North Shore Marina/Images/RAW Images/_DSC0007.NEF
./Stringfellow/Siroshton Homestead/Images/RAW Images/_DSC0015.NEF
./Stringfellow/Siroshton Homestead/Images/RAW Images/_DSC0016.NEF
./Stringfellow/Siroshton Homestead/Images/RAW Images/_DSC0017.NEF
./Stringfellow/Wormus Homestead/Images/RAW Images/_DSC0027.NEF
./Stringfellow/Wormus Homestead/Images/RAW Images/_DSC0028.NEF
./Stringfellow/Wormus Homestead/Images/RAW Images/_DSC0029.NEF
./Strom/Images/Death Valley.tif
./Stromee/Images/Hydrangea.tif
./Sudek/IMG_0002 copy.tif
./Sudek/IMG_0003 copy.tif
./Tapper/Images/Laughing Girl.jpg
./Tapper/Images/Laughing Girl.tif
./Tapper/Images/RAW Images/DSC_0020.NEF
./Tapper/Images/RAW Images/DSC_0022.NEF
./Tapper/Images/RAW Images/DSC_0023.NEF
./Tapper/Images/RAW Images/DSC_0024.NEF
./Thelwell/Images/Lily Back.tif
./Thelwell/Images/Lily.tif
./Thomas/Images/Branded Chest Back.tif
./Thomas/Images/Branded Chest.jpg
./Thomas/Images/Branded Chest.tif
./Thompson/Images/Death Valley Dune.tif
./Tinnen/Images/They Walked.tif
./Tsinhnahjinnie/Images/Idelia.jpg
./Tsinhnahjinnie/Images/Idelia.tif
./Tsinhnahjinnie/Images/RAW Images/_DSC0028.NEF
./Tsinhnahjinnie/Images/RAW Images/_DSC0029.NEF
./Tsinhnahjinnie/Images/RAW Images/_DSC0030.NEF
./Van Cleef/Images/RAW Images/_DSC0004.NEF
./Van Cleef/Images/RAW Images/_DSC0005.NEF
./Van Cleef/Images/RAW Images/comer.psd
./Van Cleef/Images/T.S.Redford, Lund Ranch.jpg
./Van Cleef/Images/T.S.Redford, Lund Ranch.tif
./Vargas/Images/Angel Denny.jpg
./Vargas/Images/Angel Denny.tif
./Vargas/Images/RAW Images/DSC_0041.NEF
./Vargas/Images/RAW Images/DSC_0042.NEF
./Vargas/Images/RAW Images/DSC_0043.NEF
./Vargas/Images/RAW Images/DSC_0044.NEF
./Vignes/Images/A Day of Mourning Back.tif
./Vignes/Images/A Day of Mourning.tif
./Vitale/Images/Kashmir.tif
./Vrba/Images/Blindfold Back.tif
./Vrba/Images/Blindfold.tif
./Wang/Images/Cemetary.tif
./Watson/Images/Swayback Barn Back.tif
./Watson/Images/Swayback Barn.tif
./Weems/Untitled/Images/Untitled Back.tif
./Weems/Untitled/Images/Untitled.tif
./Wegman/Images/Cross Training RAW.NEF
./Wegman/Images/Cross Training.tif
./Weiner/Martin Luther King, Jr/Images/Martin Luther King, Jr.jpg
./Weiner/Martin Luther King, Jr/Images/Martin Luther King, Jr.tif
./Weiner/Martin Luther King, Jr/Images/RAW Images/_DSC0032.NEF
./Weiner/Martin Luther King, Jr/Images/RAW Images/_DSC0033.NEF
./Weiner/Martin Luther King, Jr/Images/RAW Images/_DSC0034.NEF
./Weiner/Martin Luther King, Jr/Images/RAW Images/_DSC0035.NEF
./Weiner/Martin Luther King, Jr/Images/RAW Images/DSC_0040.NEF
./Weiner/Martin Luther King, Jr/Images/RAW Images/DSC_0041.NEF
./Weiner/Martin Luther King, Jr/Images/RAW Images/DSC_0042.NEF
./Weiner/New Year's Eve,Times Square/Images/New Year's Eve,Times Square.jpg
./Weiner/New Year's Eve,Times Square/Images/New Year's Eve,Times Square.TIF
./Weiner/New Year's Eve,Times Square/Images/RAW Images/DSC_0002.NEF
./Weiner/New Year's Eve,Times Square/Images/RAW Images/DSC_0003.NEF
./Weiner/New Year's Eve,Times Square/Images/RAW Images/DSC_0004.NEF
./Weiner/New Year's Eve,Times Square/Images/RAW Images/DSC_0005.NEF
./Weiner/New Year's Eve,Times Square/Images/RAW Images/DSC_0006.NEF
./Weinstein/Boys of Diwali/Images/Boys of Diwali.tif
./Weinstein/Girl at the Mosque/Images/Girl at the Mosque Back.tif
./Weinstein/Girl at the Mosque/Images/Girl at the Mosque.tif
./Weinstein/Who Dat/Images/Who Dat.tif
./Welling/Images/Tile Photograph Back.tif
./Welling/Images/Tile Photograph.tif
./Weston, B/Images/Driftwood.jpg
./Weston, B/Images/Driftwood.tif
./Weston, B/Images/RAW Images/DSC_0041.NEF
./Weston, B/Images/RAW Images/DSC_0042.NEF
./Weston, B/Images/RAW Images/DSC_0043.NEF
./Weston, B/Images/RAW Images/DSC_0044.NEF
./Weston, B/Images/RAW Images/weston.psd
./Weston, K./Images/Ballet.tif
./Whitlock/Images/Joshua Back.tif
./Whitlock/Images/Joshua.tif
./Willis/Images/View from the Pulpit.tif
./Wilson/Images/Glacier Sky Back Edited.tif
./Wilson/Images/Glacier Sky Back.tif
./Wilson/Images/Glacier Sky Front Edited.tif
./Wilson/Images/Glacier Sky Front.tif
./Wolcott/Images/RAW Images/DSC_0026.NEF
./Wolcott/Images/RAW Images/DSC_0029.NEF
./Wolcott/Images/RAW Images/DSC_0042.NEF
./Wolcott/Images/RAW Images/DSC_0043.NEF
./Wolcott/Images/RAW Images/wolcott.psd
./Wolcott/Images/Young Boy on Wagon.jpg
./Wolcott/Images/Young Boy on Wagon.tif
./Worsham/Images/Margaret's Rhubarb RAW.NEF
./Worsham/Images/Margaret's Rhubarb.tif
./Young/Images/Georgia and Sabine.tif
./Yudelson/Images/Under the Surface Back.tif
./Yudelson/Images/Under the Surface.tif
./Zito/Images/One Day in Onions Back.tif
./Zito/Images/One Day in Onions.tif
